"question_number","question","answer"
1,"Can you tell me about a time when you had to lead a team through a difficult project deadline?","leisure"
1,"Can you tell me about a time when you had to resolve a complex conflict within a team using your reasoning and communication skills?","good"
2,"How do you typically approach learning a new coding language or technical framework when faced with tight deadlines?","work hard and consistent"
1,"Can you tell me about a time when you had to resolve a complex problem using your analytical and reasoning skills?","free time"
1,"Can you tell me about yourself and walk me through your journey in software development, particularly with the MERN stack?","good skills throughout journey"
1,"Can you walk me through your background and highlight how your general skill set aligns with the requirements of this role?","hello  hello hello"
1,"Can you tell me a little bit about yourself and walk me through your background?","my name is I am studying in B.Tech 3rd year and I am interested in coding and  other things like applying cricket and other hobbies"
1,"Can you walk me through your background and highlight how your diverse skill set, ranging from C++ to SQL, aligns with this role?","hello hello"
1,"Can you tell me about yourself and walk me through your professional background?","yes my name is b Sai Mahi"
2,"Why are you interested in joining our company, and what do you know about our culture?","interest in working with google"
1,"Can you walk me through your background and how your technical skills and coding experience align with the goals of our organization?","here shows the microphone in use so we have to spoke and it response in like the text see microphone in use so we have to"
1,"Can you walk me through your background and how your skills in aptitude and reasoning have helped you solve complex problems in past roles?","Yeah it's always been a very good Yes but it is always a special doing"
1,"Can you walk me through your background and how your skills in aptitude and reasoning have helped you solve complex problems in past roles?","hdehhdhdhhhhdh"
1,"Can you walk me through your background and how you developed this diverse mix of technical and interpersonal skills?","Actually there is very good happening In longer spaces So there may be"
1,"Can you walk me through your background and how your skills in coding and problem-solving align with this role?","nxfxmhm"
1,"Can you walk me through your background and highlight how your general skill set aligns with the requirements of this role?","srhtjzej"
1,"Can you tell me about a time when you had to explain a complex technical concept to a non-technical team member or stakeholder?","kfkkg"
1,"Can you walk me through your background and how your skills in aptitude and reasoning have helped you solve complex problems in your previous roles?","okkk confidence"
1,"Can you walk me through your background and how your skills in aptitude and reasoning have helped you solve complex problems in past projects?","yes by confidencee"
1,"Can you walk me through your background and how your technical skills and coding experience have prepared you for this role?","with consistent hardwork and interest"
2,"Tell me about a time when you had to explain a complex technical concept to a non-technical stakeholder using your verbal communication skills.","with good spoken and knowledge"
3,"How do you approach solving a difficult problem when you are facing a tight deadline and conflicting priorities?","by divide bigger one to smaller and solve by logically"
1,"Can you walk me through your background and highlight how your coding and problem-solving skills have helped you succeed in past projects?","yess"
2,"Describe a time when you had to explain a complex technical problem to a non-technical stakeholder. How did you ensure clear verbal communication?","welll"
3,"Tell me about a situation where you stepped up to lead a team or a project. What leadership style did you use, and what was the outcome?","bedh"
4,"How do you approach a difficult problem when you are stuck and the initial solution does not work?","ethethjj"
5,"Can you give an example of a time when you had to balance tight coding deadlines with maintaining high-quality output?","ehhhe"
6,"Describe a scenario where you disagreed with a team member or manager regarding a technical approach. How did you resolve the conflict using reasoning and communication?","tehntde"
7,"How do you prioritize your tasks when juggling multiple responsibilities that require strong analytical and aptitude skills?","dfgndnd"
8,"Tell me about a time when a project failed or fell short of expectations. What went wrong, and what did you learn from the experience?","rbhdhbdhbd"
9,"Where do you see your career in the next five years, and how do your current technical and leadership skills align with that vision?","hdhgth"
10,"Why do you want to work for our company, and what unique value do you bring to our team in terms of problem-solving and collaboration?","hbdehb"
1,"Can you walk me through your background and highlight how your general skill set aligns with the requirements of this role?","yes with confidence"
2,"How do you typically approach a complex problem when you are given limited information or tight deadlines?","by consistent"
10,"Where do you see your professional growth in the next three years, and how does this role fit into your career trajectory?","job"
1,"Can you walk me through your background and how you developed this mix of technical and leadership skills?","yes"
2,"How do you handle complex problem-solving or abstract reasoning tasks when faced with tight deadlines?","definite"
